Rank,Player,TRB
1,Wilt Chamberlain,23924
2,Bill Russell,21620
3,Kareem Abdul-Jabbar,17440
4,Elvin Hayes,16279
5,Moses Malone,16212
6,Tim Duncan,15091
7,Karl Malone,14968
8,Robert Parish,14715
9,Kevin Garnett,14662
10,Dwight Howard,14627
11,Nate Thurmond,14464
12,Walt Bellamy,14241
13,Wes Unseld,13769
14,Hakeem Olajuwon,13748
15,Shaquille O'Neal,13099
16,Buck Williams,13017
17,Jerry Lucas,12942
18,Bob Pettit,12849
19,Charles Barkley,12546
20,Dikembe Mutombo,12359
21,Paul Silas,12357
22,Charles Oakley,12205
23,Dennis Rodman,11954
24,Kevin Willis,11901
25,Patrick Ewing,11607
26,Dirk Nowitzki,11489
27,Elgin Baylor,11463
28,Pau Gasol,11305
29,Dolph Schayes,11256
30,Bill Bridges,11054
31,LeBron James,11025
32,Jack Sikma,10816
33,David Robinson,10497
34,Ben Wallace,10482
35,DeAndre Jordan,10476
36,Tyson Chandler,10467
37,Andre Drummond,10446
38,Dave Cowens,10444
39,Bill Laimbeer,10400
40,Otis Thorpe,10370
41,Zach Randolph,10208
42,Shawn Marion,10101
43,Red Kerr,10092
44,Bob Lanier,9698
45,Sam Lacey,9687
46,Dave DeBusschere,9618
47,Marcus Camby,9513
48,A.C. Green,9473
49,Horace Grant,9443
50,Bailey Howell,9383
51,Kevin Love,9348
52,Vlade Divac,9326
53,Nikola Vučević,9176
54,Artis Gilmore,9161
55,Johnny Green,9083
56,Elton Brand,9040
57,Larry Bird,8974
58,Shawn Kemp,8834
59,LaMarcus Aldridge,8736
60,Jason Kidd,8725
61,Leroy Ellis,8709
62,Michael Cage,8646
63,Terry Cummings,8630
64,Rudy Gobert,8629
65,Dale Davis,8605
66,Al Horford,8475
67,Willis Reed,8414
68,P.J. Brown,8409
69,Russell Westbrook,8252
70,Carlos Boozer,8192
71,Antawn Jamison,8157
72,Larry Smith,8125
73,Chris Webber,8124
74,Lamar Odom,8059
75,Bob McAdoo,8048
76,Larry Foust,8041
77,Happy Hairston,8019
78,John Havlicek,8007
79,Jonas Valančiūnas,7916
80,Carmelo Anthony,7808
81,Oscar Robertson,7804
82,Al Jefferson,7690
83,Paul Millsap,7673
84,Sam Perkins,7666
85,Caldwell Jones,7663
86,Antonio McDyess,7638
87,Clyde Lee,7626
88,Chris Bosh,7592
89,Wayne Embry,7544
90,Paul Pierce,7527
91,Anthony Davis,7525
92,Maurice Lucas,7520
93,Giannis Antetokounmpo,7510
94,Scottie Pippen,7494
95,James Donaldson,7492
96,Juwan Howard,7428
97,Rasheed Wallace,7404
98,Gus Johnson,7379
99,Larry Nance,7352
100,Kurt Thomas,7328
101,David Lee,7320
102,Chet Walker,7314
103,Kevin Durant,7294
104,Anthony Mason,7279
105,Truck Robinson,7267
106,Jermaine O'Neal,7261
107,Dan Roundfield,7243
108,Derrick Coleman,7232
109,Dominique Wilkins,7169
110,Ray Scott,7154
111,Alonzo Mourning,7137
112,Kevin McHale,7122
113,Bob Boozer,7119
114,Olden Polynice,7110
115,Kobe Bryant,7047
116,Spencer Haywood,7038
117,Detlef Schrempf,7023
118,Erick Dampier,7005
119,Rick Mahorn,6957
120,Clifford Ray,6953
121,Mychal Thompson,6951
122,Nikola Jokić,6944
123,Samuel Dalembert,6942
124,Mark Eaton,6939
125,Alvan Adams,6937
126,Rudy LaRusso,6936
127,Antoine Walker,6891
128,Tyrone Hill,6854
129,Clarence Weatherspoon,6846
130,Antonio Davis,6755
131,Tree Rollins,6750
132,Tom Chambers,6703
133,Tom Meschery,6698
134,LaSalle Thompson,6689
135,Harry Gallatin,6684
136,Clyde Drexler,6677
137,Michael Jordan,6672
138,DeMarcus Cousins,6664
139,Clyde Lovellette,6663
140,Josh Smith,6653
141,Billy Cunningham,6638
142,Jim Washington,6637
143,Amar'e Stoudemire,6632
144,Sidney Wicks,6620
145,Vince Carter,6606
146,Marc Gasol,6604
147,Thaddeus Young,6594
148,David West,6590
149,Joe Smith,6575
150,Magic Johnson,6559
151,Alex English,6538
152,Dave Greenwood,6537
153,Serge Ibaka,6513
154,Herb Williams,6509
155,Willie Naulls,6508
156,Mike Gminski,6480
157,Mickey Johnson,6465
158,Rony Seikaly,6424
159,Marcin Gortat,6407
160,Armen Gilliam,6401
161,Donyell Marshall,6376
162,Jerome Kersey,6339
163,Zaza Pachulia,6315
164,Clifford Robinson,6306
165,Rudy Gay,6283
166,Tristan Thompson,6260
167,Clint Capela,6243
168,Shareef Abdur-Rahim,6239
169,Brook Lopez,6225
170,Walter Dukes,6223
171,Brad Miller,6199
172,Rudy Tomjanovich,6198
173,Zydrunas Ilgauskas,6191
174,Karl-Anthony Towns,6175
175,Grant Hill,6169
176,Grant Long,6154
177,Paul Arizin,6129
178,Elden Campbell,6116
179,Andrew Bogut,6112
180,Blake Griffin,6109
181,Bill Cartwright,6106
182,Darrall Imhoff,6099
183,Wayne Cooper,6095
184,Benoit Benjamin,6063
185,Joakim Noah,6058
186,Andre Iguodala,6047
187,James Edwards,6004
,Julius Randle,6004
189,Joe Graboski,5999
190,Hot Rod Williams,5998
191,Alton Lister,5996
192,Emeka Okafor,5967
193,Elmore Smith,5962
194,Zelmo Beaty,5949
195,Vern Mikkelsen,5940
196,James Harden,5906
197,George Johnson,5887
198,Gar Heard,5876
199,Vin Baker,5867
200,Neil Johnston,5856
201,Nenê,5828
202,Enes Freedom,5822
203,Christian Laettner,5806
204,Tom Sanders,5798
205,Udonis Haslem,5791
206,Steven Adams,5788
207,Reggie Evans,5765
208,Tom Heinsohn,5749
209,Tom Boerwinkle,5745
210,Bob Dandridge,5715
211,Troy Murphy,5708
212,Dan Issel,5707
213,Rich Kelley,5678
214,Danny Schayes,5671
215,Hal Greer,5665
216,Ray Felix,5654
217,Brian Grant,5622
218,Drew Gooden,5618
219,Tom Gola,5617
220,Jerry Sloan,5615
221,Derrick Favors,5608
222,Julius Erving,5601
223,Taj Gibson,5598
224,Tom Gugliotta,5589
225,Chris Kaman,5582
226,Chris Paul,5578
227,Otto Moore,5575
228,Marvin Williams,5546
229,Jim Fox,5525
230,Hassan Whiteside,5523
231,Domantas Sabonis,5514
232,Draymond Green,5489
233,Al Harrington,5482
234,Luol Deng,5468
235,Chris Dudley,5457
236,Adrian Dantley,5455
237,Rashard Lewis,5433
238,Jack Twyman,5424
239,Joe Barry Carroll,5404
240,Tobias Harris,5386
241,Jerry West,5366
242,Trevor Ariza,5356
243,Paul George,5355
244,Mark West,5347
245,Xavier McDaniel,5313
246,Larry Johnson,5300
247,Swen Nater,5297
248,Greg Monroe,5293
249,Rik Smits,5277
250,Tracy McGrady,5276
